,title,artist,rank,year,popularity,File Path
0,God's Plan,Drake,1,2018,Not Popular,audio_files/God's Plan.mp3
1,Perfect,Ed Sheeran,2,2018,Not Popular,audio_files/Perfect.mp3
2,Meant To Be,Bebe Rexha & Florida Georgia Line,3,2018,Not Popular,audio_files/Meant To Be.mp3
3,Havana,Camila Cabello Featuring Young Thug,4,2018,Not Popular,audio_files/Havana.mp3
4,Rockstar,Post Malone Featuring 21 Savage,5,2018,Not Popular,audio_files/Rockstar.mp3
5,Psycho,Post Malone Featuring Ty Dolla $ign,6,2018,Not Popular,audio_files/Psycho.mp3
6,I Like It,"Cardi B, Bad Bunny & J Balvin",7,2018,Not Popular,audio_files/I Like It.mp3
7,The Middle,"Zedd, Maren Morris & Grey",8,2018,Not Popular,audio_files/The Middle.mp3
8,In My Feelings,Drake,9,2018,Not Popular,audio_files/In My Feelings.mp3
9,Girls Like You,Maroon 5 Featuring Cardi B,10,2018,Not Popular,audio_files/Girls Like You.mp3
10,Nice For What,Drake,11,2018,Not Popular,audio_files/Nice For What.mp3
11,Lucid Dreams,Juice WRLD,12,2018,Not Popular,audio_files/Lucid Dreams.mp3
12,Better Now,Post Malone,13,2018,Not Popular,audio_files/Better Now.mp3
13,Finesse,Bruno Mars & Cardi B,14,2018,Not Popular,audio_files/Finesse.mp3
14,Boo'd Up,Ella Mai,15,2018,Not Popular,audio_files/Boo'd Up.mp3
15,New Rules,Dua Lipa,16,2018,Not Popular,audio_files/New Rules.mp3
16,Sad!,XXXTENTACION,17,2018,Not Popular,audio_files/Sad!.mp3
17,Never Be The Same,Camila Cabello,18,2018,Not Popular,audio_files/Never Be The Same.mp3
18,Love Lies,Khalid & Normani,19,2018,Not Popular,audio_files/Love Lies.mp3
19,No Tears Left To Cry,Ariana Grande,20,2018,Not Popular,audio_files/No Tears Left To Cry.mp3
20,Mine,Bazzi,21,2018,Not Popular,audio_files/Mine.mp3
21,Thunder,Imagine Dragons,22,2018,Not Popular,audio_files/Thunder.mp3
22,Look Alive,BlocBoy JB Featuring Drake,23,2018,Not Popular,audio_files/Look Alive.mp3
23,Delicate,Taylor Swift,24,2018,Not Popular,audio_files/Delicate.mp3
24,Yes Indeed,Lil Baby & Drake,25,2018,Not Popular,audio_files/Yes Indeed.mp3
25,Friends,Marshmello & Anne-Marie,26,2018,Not Popular,audio_files/Friends.mp3
26,Bad At Love,Halsey,27,2018,Not Popular,audio_files/Bad At Love.mp3
27,Taste,Tyga Featuring Offset,28,2018,Not Popular,audio_files/Taste.mp3
28,Let You Down,NF,29,2018,Not Popular,audio_files/Let You Down.mp3
29,No Limit,G-Eazy Featuring A$AP Rocky & Cardi B,30,2018,Not Popular,audio_files/No Limit.mp3
30,FEFE,6ix9ine Featuring Nicki Minaj & Murda Beatz,31,2018,Not Popular,audio_files/FEFE.mp3
31,Tequila,Dan + Shay,32,2018,Not Popular,audio_files/Tequila.mp3
32,Feel It Still,Portugal. The Man,33,2018,Not Popular,audio_files/Feel It Still.mp3
33,MotorSport,"Migos, Nicki Minaj & Cardi B",34,2018,Not Popular,audio_files/MotorSport.mp3
34,I Like Me Better,Lauv,35,2018,Not Popular,audio_files/I Like Me Better.mp3
35,Youngblood,5 Seconds Of Summer,36,2018,Not Popular,audio_files/Youngblood.mp3
36,Whatever It Takes,Imagine Dragons,37,2018,Not Popular,audio_files/Whatever It Takes.mp3
37,Ric Flair Drip,Offset & Metro Boomin,38,2018,Not Popular,audio_files/Ric Flair Drip.mp3
38,I Fall Apart,Post Malone,39,2018,Not Popular,audio_files/I Fall Apart.mp3
39,Pray For Me,The Weeknd & Kendrick Lamar,40,2018,Not Popular,audio_files/Pray For Me.mp3
40,Back To You,Selena Gomez,41,2018,Not Popular,audio_files/Back To You.mp3
41,Sicko Mode,Travis Scott,42,2018,Not Popular,audio_files/Sicko Mode.mp3
42,Walk It Talk It,Migos Featuring Drake,43,2018,Not Popular,audio_files/Walk It Talk It.mp3
43,Gucci Gang,Lil Pump,44,2018,Not Popular,audio_files/Gucci Gang.mp3
44,Him & I,G-Eazy & Halsey,45,2018,Not Popular,audio_files/Him & I.mp3
45,In My Blood,Shawn Mendes,46,2018,Not Popular,audio_files/In My Blood.mp3
46,All The Stars,Kendrick Lamar & SZA,47,2018,Not Popular,audio_files/All The Stars.mp3
47,Stir Fry,Migos,48,2018,Not Popular,audio_files/Stir Fry.mp3
48,Too Good At Goodbyes,Sam Smith,49,2018,Not Popular,audio_files/Too Good At Goodbyes.mp3
49,Love.,Kendrick Lamar Featuring Zacari,50,2018,Not Popular,audio_files/Love..mp3
50,This Is America,Childish Gambino,51,2018,Not Popular,audio_files/This Is America.mp3
51,Nonstop,Drake,52,2018,Not Popular,audio_files/Nonstop.mp3
52,Heaven,Kane Brown,53,2018,Not Popular,audio_files/Heaven.mp3
53,Bodak Yellow (Money Moves),Cardi B,54,2018,Not Popular,audio_files/Bodak Yellow (Money Moves).mp3
54,Freaky Friday,Lil Dicky Featuring Chris Brown,55,2018,Not Popular,audio_files/Freaky Friday.mp3
55,Gummo,6ix9ine,56,2018,Not Popular,audio_files/Gummo.mp3
56,Plug Walk,Rich The Kid,57,2018,Not Popular,audio_files/Plug Walk.mp3
57,Wait,Maroon 5,58,2018,Not Popular,audio_files/Wait.mp3
58,Be Careful,Cardi B,59,2018,Not Popular,audio_files/Be Careful.mp3
59,Wolves,Selena Gomez X Marshmello,60,2018,Not Popular,audio_files/Wolves.mp3
60,Bartier Cardi,Cardi B Featuring 21 Savage,61,2018,Not Popular,audio_files/Bartier Cardi.mp3
61,God Is A Woman,Ariana Grande,62,2018,Not Popular,audio_files/God Is A Woman.mp3
62,Big Bank,"YG Featuring 2 Chainz, Big Sean & Nicki Minaj",63,2018,Not Popular,audio_files/Big Bank.mp3
63,Sorry Not Sorry,Demi Lovato,64,2018,Not Popular,audio_files/Sorry Not Sorry.mp3
64,How Long,Charlie Puth,65,2018,Not Popular,audio_files/How Long.mp3
65,Lights Down Low,MAX Featuring gnash,66,2018,Not Popular,audio_files/Lights Down Low.mp3
66,Young Dumb & Broke,Khalid,67,2018,Not Popular,audio_files/Young Dumb & Broke.mp3
67,One Kiss,Calvin Harris & Dua Lipa,68,2018,Not Popular,audio_files/One Kiss.mp3
68,Natural,Imagine Dragons,69,2018,Not Popular,audio_files/Natural.mp3
69,You Make It Easy,Jason Aldean,70,2018,Not Popular,audio_files/You Make It Easy.mp3
70,Shape Of You,Ed Sheeran,71,2018,Not Popular,audio_files/Shape Of You.mp3
71,I Get The Bag,Gucci Mane Featuring Migos,72,2018,Not Popular,audio_files/I Get The Bag.mp3
72,No Brainer,"DJ Khaled Featuring Justin Bieber, Chance The Rapper & Quavo",73,2018,Not Popular,audio_files/No Brainer.mp3
73,Plain Jane,A$AP Ferg Featuring Nicki Minaj,74,2018,Not Popular,audio_files/Plain Jane.mp3
74,Sky Walker,Miguel Featuring Travis Scott,75,2018,Not Popular,audio_files/Sky Walker.mp3
75,Marry Me,Thomas Rhett,76,2018,Not Popular,audio_files/Marry Me.mp3
76,Eastside,"benny blanco, Halsey & Khalid",77,2018,Not Popular,audio_files/Eastside.mp3
77,Call Out My Name,The Weeknd,78,2018,Not Popular,audio_files/Call Out My Name.mp3
78,King's Dead,"Jay Rock, Kendrick Lamar, Future & James Blake",79,2018,Not Popular,audio_files/King's Dead.mp3
79,Happier,Marshmello & Bastille,80,2018,Not Popular,audio_files/Happier.mp3
80,Te Bote,"Casper Magico, Nio Garcia, Darell, Nicky Jam, Ozuna & Bad Bunny",81,2018,Not Popular,audio_files/Te Bote.mp3
81,Simple,Florida Georgia Line,82,2018,Not Popular,audio_files/Simple.mp3
82,Lemon,N*E*R*D & Rihanna,83,2018,Not Popular,audio_files/Lemon.mp3
83,1-800-273-8255,Logic Featuring Alessia Cara & Khalid,84,2018,Not Popular,audio_files/1-800-273-8255.mp3
84,Say Something,Justin Timberlake Featuring Chris Stapleton,85,2018,Not Popular,audio_files/Say Something.mp3
85,I'm Upset,Drake,86,2018,Not Popular,audio_files/I'm Upset.mp3
86,Get Along,Kenny Chesney,87,2018,Not Popular,audio_files/Get Along.mp3
87,Moonlight,XXXTENTACION,88,2018,Not Popular,audio_files/Moonlight.mp3
88,What Lovers Do,Maroon 5 Featuring SZA,89,2018,Not Popular,audio_files/What Lovers Do.mp3
89,X,Nicky Jam x J Balvin,90,2018,Not Popular,audio_files/X.mp3
90,Outside Today,YoungBoy Never Broke Again,91,2018,Not Popular,audio_files/Outside Today.mp3
91,Trip,Ella Mai,92,2018,Not Popular,audio_files/Trip.mp3
92,Dura,Daddy Yankee,93,2018,Not Popular,audio_files/Dura.mp3
93,Changes,XXXTENTACION,94,2018,Not Popular,audio_files/Changes.mp3
94,Mercy,Brett Young,95,2018,Not Popular,audio_files/Mercy.mp3
95,One Number Away,Luke Combs,96,2018,Not Popular,audio_files/One Number Away.mp3
96,Powerglide,Rae Sremmurd & Juicy J,97,2018,Not Popular,audio_files/Powerglide.mp3
97,IDGAF,Dua Lipa,98,2018,Not Popular,audio_files/IDGAF.mp3
98,Mi Gente,J Balvin & Willy William Featuring Beyonce,99,2018,Not Popular,audio_files/Mi Gente.mp3
99,Believer,Imagine Dragons,100,2018,Not Popular,audio_files/Believer.mp3
100,Old Town Road,Lil Nas X Featuring Billy Ray Cyrus,1,2019,Not Popular,audio_files/Old Town Road.mp3
101,Sunflower (Spider-Man: Into The Spider-Verse),Post Malone & Swae Lee,2,2019,Not Popular,
102,Without Me,Halsey,3,2019,Not Popular,audio_files/Without Me.mp3
103,Bad Guy,Billie Eilish,4,2019,Not Popular,audio_files/Bad Guy.mp3
104,Wow.,Post Malone,5,2019,Not Popular,audio_files/Wow..mp3
105,Happier,Marshmello & Bastille,6,2019,Not Popular,audio_files/Happier.mp3
106,7 Rings,Ariana Grande,7,2019,Not Popular,audio_files/7 Rings.mp3
107,Talk,Khalid,8,2019,Not Popular,audio_files/Talk.mp3
108,Sicko Mode,Travis Scott,9,2019,Not Popular,audio_files/Sicko Mode.mp3
109,Sucker,Jonas Brothers,10,2019,Not Popular,audio_files/Sucker.mp3
110,High Hopes,Panic! At The Disco,11,2019,Not Popular,audio_files/High Hopes.mp3
111,"Thank U, Next",Ariana Grande,12,2019,Not Popular,"audio_files/Thank U, Next.mp3"
112,Truth Hurts,Lizzo,13,2019,Not Popular,audio_files/Truth Hurts.mp3
113,Dancing With A Stranger,Sam Smith & Normani,14,2019,Not Popular,audio_files/Dancing With A Stranger.mp3
114,Senorita,Shawn Mendes & Camila Cabello,15,2019,Not Popular,audio_files/Senorita.mp3
115,I Don't Care,Ed Sheeran & Justin Bieber,16,2019,Not Popular,audio_files/I Don't Care.mp3
116,Eastside,"benny blanco, Halsey & Khalid",17,2019,Not Popular,audio_files/Eastside.mp3
117,Going Bad,Meek Mill Featuring Drake,18,2019,Not Popular,audio_files/Going Bad.mp3
118,Shallow,Lady Gaga & Bradley Cooper,19,2019,Not Popular,audio_files/Shallow.mp3
119,Better,Khalid,20,2019,Not Popular,audio_files/Better.mp3
120,No Guidance,Chris Brown Featuring Drake,21,2019,Not Popular,audio_files/No Guidance.mp3
121,Girls Like You,Maroon 5 Featuring Cardi B,22,2019,Not Popular,audio_files/Girls Like You.mp3
122,Sweet But Psycho,Ava Max,23,2019,Not Popular,audio_files/Sweet But Psycho.mp3
123,Suge,DaBaby,24,2019,Not Popular,audio_files/Suge.mp3
124,Middle Child,J. Cole,25,2019,Not Popular,audio_files/Middle Child.mp3
125,Drip Too Hard,Lil Baby & Gunna,26,2019,Not Popular,audio_files/Drip Too Hard.mp3
126,Someone You Loved,Lewis Capaldi,27,2019,Not Popular,audio_files/Someone You Loved.mp3
127,Ran$om,Lil Tecca,28,2019,Not Popular,audio_files/Ran$om.mp3
128,If I Can't Have You,Shawn Mendes,29,2019,Not Popular,audio_files/If I Can't Have You.mp3
129,Goodbyes,Post Malone Featuring Young Thug,30,2019,Not Popular,audio_files/Goodbyes.mp3
130,ZEZE,Kodak Black Featuring Travis Scott & Offset,31,2019,Not Popular,audio_files/ZEZE.mp3
131,Better Now,Post Malone,32,2019,Not Popular,audio_files/Better Now.mp3
132,Youngblood,5 Seconds Of Summer,33,2019,Not Popular,audio_files/Youngblood.mp3
133,Money In The Grave,Drake Featuring Rick Ross,34,2019,Not Popular,audio_files/Money In The Grave.mp3
134,Speechless,Dan + Shay,35,2019,Not Popular,audio_files/Speechless.mp3
135,"Break Up With Your Girlfriend, I'm Bored",Ariana Grande,36,2019,Not Popular,"audio_files/Break Up With Your Girlfriend, I'm Bored.mp3"
136,Please Me,Cardi B & Bruno Mars,37,2019,Not Popular,audio_files/Please Me.mp3
137,Money,Cardi B,38,2019,Not Popular,audio_files/Money.mp3
138,You Need To Calm Down,Taylor Swift,39,2019,Not Popular,audio_files/You Need To Calm Down.mp3
139,Panini,Lil Nas X,40,2019,Not Popular,audio_files/Panini.mp3
140,Look Back At It,A Boogie Wit da Hoodie,41,2019,Not Popular,audio_files/Look Back At It.mp3
141,A Lot,21 Savage,42,2019,Not Popular,audio_files/A Lot.mp3
142,ME!,Taylor Swift Featuring Brendon Urie,43,2019,Not Popular,audio_files/ME!.mp3
143,MIA,Bad Bunny Featuring Drake,44,2019,Not Popular,audio_files/MIA.mp3
144,Pop Out,Polo G Featuring Lil Tjay,45,2019,Not Popular,audio_files/Pop Out.mp3
145,Beautiful Crazy,Luke Combs,46,2019,Not Popular,audio_files/Beautiful Crazy.mp3
146,Thotiana,Blueface,47,2019,Not Popular,audio_files/Thotiana.mp3
147,Lucid Dreams,Juice WRLD,48,2019,Not Popular,audio_files/Lucid Dreams.mp3
148,Mo Bamba,Sheck Wes,49,2019,Not Popular,audio_files/Mo Bamba.mp3
149,Beautiful People,Ed Sheeran Featuring Khalid,50,2019,Not Popular,audio_files/Beautiful People.mp3
150,Wake Up In The Sky,Gucci Mane X Bruno Mars X Kodak Black,51,2019,Not Popular,audio_files/Wake Up In The Sky.mp3
151,Whiskey Glasses,Morgan Wallen,52,2019,Not Popular,audio_files/Whiskey Glasses.mp3
152,God's Country,Blake Shelton,53,2019,Not Popular,audio_files/God's Country.mp3
153,Be Alright,Dean Lewis,54,2019,Not Popular,audio_files/Be Alright.mp3
154,Pure Water,Mustard & Migos,55,2019,Not Popular,audio_files/Pure Water.mp3
155,The Git Up,Blanco Brown,56,2019,Not Popular,audio_files/The Git Up.mp3
156,Taki Taki,"DJ Snake Featuring Selena Gomez, Ozuna & Cardi B",57,2019,Not Popular,audio_files/Taki Taki.mp3
157,Close To Me,Ellie Goulding X Diplo Featuring Swae Lee,58,2019,Not Popular,audio_files/Close To Me.mp3
158,Envy Me,Calboy,59,2019,Not Popular,audio_files/Envy Me.mp3
159,You Say,Lauren Daigle,60,2019,Not Popular,audio_files/You Say.mp3
160,"Hey Look Ma, I Made It",Panic! At The Disco,61,2019,Not Popular,"audio_files/Hey Look Ma, I Made It.mp3"
161,Circles,Post Malone,62,2019,Not Popular,audio_files/Circles.mp3
162,Beer Never Broke My Heart,Luke Combs,63,2019,Not Popular,audio_files/Beer Never Broke My Heart.mp3
163,The London,"Young Thug, J. Cole & Travis Scott",64,2019,Not Popular,audio_files/The London.mp3
164,Con Calma,Daddy Yankee & Katy Perry Featuring Snow,65,2019,Not Popular,audio_files/Con Calma.mp3
165,Murder On My Mind,YNW Melly,66,2019,Not Popular,audio_files/Murder On My Mind.mp3
166,When The Party's Over,Billie Eilish,67,2019,Not Popular,audio_files/When The Party's Over.mp3
167,Act Up,City Girls,68,2019,Not Popular,audio_files/Act Up.mp3
168,I Like It,"Cardi B, Bad Bunny & J Balvin",69,2019,Not Popular,audio_files/I Like It.mp3
169,Trampoline,SHAED,70,2019,Not Popular,audio_files/Trampoline.mp3
170,Leave Me Alone,Flipp Dinero,71,2019,Not Popular,audio_files/Leave Me Alone.mp3
171,Breathin,Ariana Grande,72,2019,Not Popular,audio_files/Breathin.mp3
172,Bury A Friend,Billie Eilish,73,2019,Not Popular,audio_files/Bury A Friend.mp3
173,Close Friends,Lil Baby,74,2019,Not Popular,audio_files/Close Friends.mp3
174,Baby Shark,Pinkfong,75,2019,Not Popular,audio_files/Baby Shark.mp3
175,My Type,Saweetie,76,2019,Not Popular,audio_files/My Type.mp3
176,Worth It,YK Osiris,77,2019,Not Popular,audio_files/Worth It.mp3
177,Only Human,Jonas Brothers,78,2019,Not Popular,audio_files/Only Human.mp3
178,Knockin' Boots,Luke Bryan,79,2019,Not Popular,audio_files/Knockin' Boots.mp3
179,Trip,Ella Mai,80,2019,Not Popular,audio_files/Trip.mp3
180,Rumor,Lee Brice,81,2019,Not Popular,audio_files/Rumor.mp3
181,Swervin,A Boogie Wit da Hoodie Featuring 6ix9ine,82,2019,Not Popular,audio_files/Swervin.mp3
182,How Do You Sleep?,Sam Smith,83,2019,Not Popular,
183,Baby,Lil Baby & DaBaby,84,2019,Not Popular,audio_files/Baby.mp3
184,Look What God Gave Her,Thomas Rhett,85,2019,Not Popular,audio_files/Look What God Gave Her.mp3
185,Good As You,Kane Brown,86,2019,Not Popular,audio_files/Good As You.mp3
186,Clout,Offset Featuring Cardi B,87,2019,Not Popular,audio_files/Clout.mp3
187,Love Lies,Khalid & Normani,88,2019,Not Popular,audio_files/Love Lies.mp3
188,One Thing Right,Marshmello & Kane Brown,89,2019,Not Popular,audio_files/One Thing Right.mp3
189,Cash Shit,Megan Thee Stallion Featuring DaBaby,90,2019,Not Popular,audio_files/Cash Shit.mp3
190,Tequila,Dan + Shay,91,2019,Not Popular,audio_files/Tequila.mp3
191,Shotta Flow,NLE Choppa,92,2019,Not Popular,audio_files/Shotta Flow.mp3
192,Hot Girl Summer,"Megan Thee Stallion, Nicki Minaj & Ty Dolla $ign",93,2019,Not Popular,audio_files/Hot Girl Summer.mp3
193,Talk You Out Of It,Florida Georgia Line,94,2019,Not Popular,audio_files/Talk You Out Of It.mp3
194,Beautiful,Bazzi Featuring Camila Cabello,95,2019,Not Popular,audio_files/Beautiful.mp3
195,Eyes On You,Chase Rice,96,2019,Not Popular,audio_files/Eyes On You.mp3
196,All To Myself,Dan + Shay,97,2019,Not Popular,audio_files/All To Myself.mp3
197,Boyfriend,Ariana Grande & Social House,98,2019,Popular,audio_files/Boyfriend.mp3
198,Walk Me Home,P!nk,99,2019,Not Popular,audio_files/Walk Me Home.mp3
199,Robbery,Juice WRLD,100,2019,Not Popular,audio_files/Robbery.mp3
200,Blinding Lights,The Weeknd,1,2020,Not Popular,audio_files/Blinding Lights.mp3
201,Circles,Post Malone,2,2020,Not Popular,audio_files/Circles.mp3
202,The Box,Roddy Ricch,3,2020,Not Popular,audio_files/The Box.mp3
203,Don't Start Now,Dua Lipa,4,2020,Not Popular,audio_files/Don't Start Now.mp3
204,Rockstar,DaBaby Featuring Roddy Ricch,5,2020,Not Popular,audio_files/Rockstar.mp3
205,Adore You,Harry Styles,6,2020,Not Popular,audio_files/Adore You.mp3
206,Life Is Good,Future Featuring Drake,7,2020,Not Popular,audio_files/Life Is Good.mp3
207,Memories,Maroon 5,8,2020,Not Popular,audio_files/Memories.mp3
208,The Bones,Maren Morris,9,2020,Not Popular,audio_files/The Bones.mp3
209,Someone You Loved,Lewis Capaldi,10,2020,Not Popular,audio_files/Someone You Loved.mp3
210,Say So,Doja Cat,11,2020,Not Popular,audio_files/Say So.mp3
211,I Hope,Gabby Barrett Featuring Charlie Puth,12,2020,Not Popular,audio_files/I Hope.mp3
212,Whats Poppin,"Jack Harlow Featuring DaBaby, Tory Lanez & Lil Wayne",13,2020,Not Popular,audio_files/Whats Poppin.mp3
213,Dance Monkey,Tones And I,14,2020,Not Popular,audio_files/Dance Monkey.mp3
214,Savage,Megan Thee Stallion,15,2020,Not Popular,audio_files/Savage.mp3
215,Roxanne,Arizona Zervas,16,2020,Not Popular,audio_files/Roxanne.mp3
216,Intentions,Justin Bieber Featuring Quavo,17,2020,Not Popular,audio_files/Intentions.mp3
217,Everything I Wanted,Billie Eilish,18,2020,Not Popular,audio_files/Everything I Wanted.mp3
218,Roses,SAINt JHN,19,2020,Not Popular,audio_files/Roses.mp3
219,Watermelon Sugar,Harry Styles,20,2020,Not Popular,audio_files/Watermelon Sugar.mp3
220,Before You Go,Lewis Capaldi,21,2020,Not Popular,audio_files/Before You Go.mp3
221,Falling,Trevor Daniel,22,2020,Not Popular,audio_files/Falling.mp3
222,"10,000 Hours",Dan + Shay & Justin Bieber,23,2020,Not Popular,"audio_files/10,000 Hours.mp3"
223,WAP,Cardi B Featuring Megan Thee Stallion,24,2020,Not Popular,audio_files/WAP.mp3
224,Ballin',Mustard & Roddy Ricch,25,2020,Not Popular,audio_files/Ballin'.mp3
225,Hot Girl Bummer,blackbear,26,2020,Not Popular,audio_files/Hot Girl Bummer.mp3
226,Blueberry Faygo,Lil Mosey,27,2020,Not Popular,audio_files/Blueberry Faygo.mp3
227,Heartless,The Weeknd,28,2020,Not Popular,audio_files/Heartless.mp3
228,BOP,DaBaby,29,2020,Not Popular,audio_files/BOP.mp3
229,Lose You To Love Me,Selena Gomez,30,2020,Not Popular,audio_files/Lose You To Love Me.mp3
230,Good As Hell,Lizzo,31,2020,Not Popular,audio_files/Good As Hell.mp3
231,Toosie Slide,Drake,32,2020,Not Popular,audio_files/Toosie Slide.mp3
232,Break My Heart,Dua Lipa,33,2020,Not Popular,audio_files/Break My Heart.mp3
233,Chasin' You,Morgan Wallen,34,2020,Not Popular,audio_files/Chasin' You.mp3
234,Savage Love (Laxed - Siren Beat),Jawsh 685 x Jason Derulo,35,2020,Not Popular,audio_files/Savage Love (Laxed - Siren Beat).mp3
235,No Guidance,Chris Brown Featuring Drake,36,2020,Not Popular,audio_files/No Guidance.mp3
236,My Oh My,Camila Cabello Featuring DaBaby,37,2020,Not Popular,audio_files/My Oh My.mp3
237,Dynamite,BTS,38,2020,Not Popular,audio_files/Dynamite.mp3
238,Go Crazy,Chris Brown & Young Thug,39,2020,Not Popular,audio_files/Go Crazy.mp3
239,High Fashion,Roddy Ricch Featuring Mustard,40,2020,Not Popular,audio_files/High Fashion.mp3
240,Laugh Now Cry Later,Drake Featuring Lil Durk,41,2020,Not Popular,audio_files/Laugh Now Cry Later.mp3
241,Woah,Lil Baby,42,2020,Not Popular,audio_files/Woah.mp3
242,Death Bed,Powfu Featuring beabadoobee,43,2020,Not Popular,audio_files/Death Bed.mp3
243,Senorita,Shawn Mendes & Camila Cabello,44,2020,Not Popular,audio_files/Senorita.mp3
244,HIGHEST IN THE ROOM,Travis Scott,45,2020,Not Popular,audio_files/HIGHEST IN THE ROOM.mp3
245,Bad Guy,Billie Eilish,46,2020,Not Popular,audio_files/Bad Guy.mp3
246,Mood,24kGoldn Featuring iann dior,47,2020,Not Popular,audio_files/Mood.mp3
247,Rain On Me,Lady Gaga & Ariana Grande,48,2020,Not Popular,audio_files/Rain On Me.mp3
248,For The Night,Pop Smoke Featuring Lil Baby & DaBaby,49,2020,Not Popular,audio_files/For The Night.mp3
249,RITMO (Bad Boys For Life),Black Eyed Peas X J Balvin,50,2020,Not Popular,audio_files/RITMO (Bad Boys For Life).mp3
250,Heart On Ice,Rod Wave,51,2020,Not Popular,audio_files/Heart On Ice.mp3
251,Nobody But You,Blake Shelton Duet With Gwen Stefani,52,2020,Not Popular,audio_files/Nobody But You.mp3
252,Trampoline,SHAED,53,2020,Not Popular,audio_files/Trampoline.mp3
253,Come & Go,Juice WRLD x Marshmello,54,2020,Not Popular,audio_files/Come & Go.mp3
254,Truth Hurts,Lizzo,55,2020,Not Popular,audio_files/Truth Hurts.mp3
255,If The World Was Ending,JP Saxe Featuring Julia Michaels,56,2020,Not Popular,audio_files/If The World Was Ending.mp3
256,We Paid,Lil Baby & 42 Dugg,57,2020,Not Popular,audio_files/We Paid.mp3
257,Yummy,Justin Bieber,58,2020,Not Popular,audio_files/Yummy.mp3
258,One Man Band,Old Dominion,59,2020,Not Popular,audio_files/One Man Band.mp3
259,Got What I Got,Jason Aldean,60,2020,Not Popular,audio_files/Got What I Got.mp3
260,Sunday Best,Surfaces,61,2020,Not Popular,audio_files/Sunday Best.mp3
261,Godzilla,Eminem Featuring Juice WRLD,62,2020,Not Popular,audio_files/Godzilla.mp3
262,Bandit,Juice WRLD & YoungBoy Never Broke Again,63,2020,Not Popular,audio_files/Bandit.mp3
263,Party Girl,StaySolidRocky,64,2020,Not Popular,audio_files/Party Girl.mp3
264,Die From A Broken Heart,Maddie & Tae,65,2020,Not Popular,audio_files/Die From A Broken Heart.mp3
265,Popstar,DJ Khaled Featuring Drake,66,2020,Not Popular,audio_files/Popstar.mp3
266,All I Want For Christmas Is You,Mariah Carey,67,2020,Popular,audio_files/All I Want For Christmas Is You.mp3
267,One Of Them Girls,Lee Brice,68,2020,Not Popular,audio_files/One Of Them Girls.mp3
268,Hard To Forget,Sam Hunt,69,2020,Not Popular,audio_files/Hard To Forget.mp3
269,One Margarita,Luke Bryan,70,2020,Not Popular,audio_files/One Margarita.mp3
270,Panini,Lil Nas X,71,2020,Not Popular,audio_files/Panini.mp3
271,Hot,Young Thug Featuring Gunna,72,2020,Not Popular,audio_files/Hot.mp3
272,I Hope You're Happy Now,Carly Pearce & Lee Brice,73,2020,Not Popular,audio_files/I Hope You're Happy Now.mp3
273,Emotionally Scarred,Lil Baby,74,2020,Not Popular,audio_files/Emotionally Scarred.mp3
274,Suicidal,YNW Melly & Juice WRLD,75,2020,Not Popular,audio_files/Suicidal.mp3
275,The Bigger Picture,Lil Baby,76,2020,Not Popular,audio_files/The Bigger Picture.mp3
276,Only Human,Jonas Brothers,77,2020,Not Popular,audio_files/Only Human.mp3
277,The Woo,Pop Smoke Featuring 50 Cent & Roddy Ricch,78,2020,Not Popular,audio_files/The Woo.mp3
278,Sum 2 Prove,Lil Baby,79,2020,Not Popular,audio_files/Sum 2 Prove.mp3
279,Stuck With U,Ariana Grande & Justin Bieber,80,2020,Not Popular,audio_files/Stuck With U.mp3
280,Mood Swings,Pop Smoke Featuring Lil Tjay,81,2020,Not Popular,audio_files/Mood Swings.mp3
281,You Should Be Sad,Halsey,82,2020,Not Popular,audio_files/You Should Be Sad.mp3
282,Dior,Pop Smoke,83,2020,Not Popular,audio_files/Dior.mp3
283,Supalonely,BENEE Featuring Gus Dapperton,84,2020,Not Popular,audio_files/Supalonely.mp3
284,Even Though I'm Leaving,Luke Combs,85,2020,Not Popular,audio_files/Even Though I'm Leaving.mp3
285,The Scotts,"THE SCOTTS, Travis Scott & Kid Cudi",86,2020,Not Popular,audio_files/The Scotts.mp3
286,Juicy,Doja Cat & Tyga,87,2020,Not Popular,audio_files/Juicy.mp3
287,Be Like That,Kane Brown With Swae Lee & Khalid,88,2020,Not Popular,audio_files/Be Like That.mp3
288,Homesick,Kane Brown,89,2020,Not Popular,audio_files/Homesick.mp3
289,Rags2Riches,Rod Wave Featuring ATR Son Son,90,2020,Not Popular,audio_files/Rags2Riches.mp3
290,Bluebird,Miranda Lambert,91,2020,Not Popular,audio_files/Bluebird.mp3
291,Wishing Well,Juice WRLD,92,2020,Not Popular,audio_files/Wishing Well.mp3
292,Does To Me,Luke Combs Featuring Eric Church,93,2020,Not Popular,audio_files/Does To Me.mp3
293,P*$$y Fairy (OTW),Jhene Aiko,94,2020,Not Popular,
294,ily,Surf Mesa Featuring Emilee,95,2020,Not Popular,audio_files/ily.mp3
295,More Than My Hometown,Morgan Wallen,96,2020,Not Popular,audio_files/More Than My Hometown.mp3
296,Lovin' On You,Luke Combs,97,2020,Not Popular,audio_files/Lovin' On You.mp3
297,Said Sum,Moneybagg Yo,98,2020,Not Popular,audio_files/Said Sum.mp3
298,Slide,H.E.R. Featuring YG,99,2020,Not Popular,audio_files/Slide.mp3
299,Walk Em Down,NLE Choppa Featuring Roddy Ricch,100,2020,Not Popular,audio_files/Walk Em Down.mp3
300,Levitating,Dua Lipa,1,2021,Popular,audio_files/Levitating.mp3
301,Save Your Tears,The Weeknd & Ariana Grande,2,2021,Popular,audio_files/Save Your Tears.mp3
302,Blinding Lights,The Weeknd,3,2021,Not Popular,audio_files/Blinding Lights.mp3
303,Mood,24kGoldn Featuring iann dior,4,2021,Not Popular,audio_files/Mood.mp3
304,Good 4 U,Olivia Rodrigo,5,2021,Popular,audio_files/Good 4 U.mp3
305,Kiss Me More,Doja Cat Featuring SZA,6,2021,Popular,audio_files/Kiss Me More.mp3
306,Leave The Door Open,Silk Sonic (Bruno Mars & Anderson .Paak),7,2021,Not Popular,audio_files/Leave The Door Open.mp3
307,Drivers License,Olivia Rodrigo,8,2021,Not Popular,audio_files/Drivers License.mp3
308,Montero (Call Me By Your Name),Lil Nas X,9,2021,Not Popular,audio_files/Montero (Call Me By Your Name).mp3
309,Peaches,Justin Bieber Featuring Daniel Caesar & Giveon,10,2021,Not Popular,audio_files/Peaches.mp3
310,Butter,BTS,11,2021,Not Popular,audio_files/Butter.mp3
311,Stay,The Kid LAROI & Justin Bieber,12,2021,Popular,audio_files/Stay.mp3
312,Deja Vu,Olivia Rodrigo,13,2021,Not Popular,audio_files/Deja Vu.mp3
313,Positions,Ariana Grande,14,2021,Not Popular,audio_files/Positions.mp3
314,Bad Habits,Ed Sheeran,15,2021,Popular,audio_files/Bad Habits.mp3
315,Heat Waves,Glass Animals,16,2021,Popular,audio_files/Heat Waves.mp3
316,Without You,The Kid LAROI,17,2021,Not Popular,audio_files/Without You.mp3
317,Forever After All,Luke Combs,18,2021,Not Popular,audio_files/Forever After All.mp3
318,Go Crazy,Chris Brown & Young Thug,19,2021,Not Popular,audio_files/Go Crazy.mp3
319,Astronaut In The Ocean,Masked Wolf,20,2021,Not Popular,audio_files/Astronaut In The Ocean.mp3
320,34+35,Ariana Grande Feat. Doja Cat & Megan Thee Stallion,21,2021,Not Popular,audio_files/34+35.mp3
321,What You Know Bout Love,Pop Smoke,22,2021,Not Popular,audio_files/What You Know Bout Love.mp3
322,My Ex's Best Friend,Machine Gun Kelly X blackbear,23,2021,Not Popular,audio_files/My Ex's Best Friend.mp3
323,Industry Baby,Lil Nas X & Jack Harlow,24,2021,Popular,audio_files/Industry Baby.mp3
324,Therefore I Am,Billie Eilish,25,2021,Not Popular,audio_files/Therefore I Am.mp3
325,Up,Cardi B,26,2021,Not Popular,audio_files/Up.mp3
326,Fancy Like,Walker Hayes,27,2021,Popular,audio_files/Fancy Like.mp3
327,Dakiti,Bad Bunny & Jhay Cortez,28,2021,Not Popular,audio_files/Dakiti.mp3
328,Best Friend,Saweetie Featuring Doja Cat,29,2021,Not Popular,audio_files/Best Friend.mp3
329,Rapstar,Polo G,30,2021,Not Popular,audio_files/Rapstar.mp3
330,Heartbreak Anniversary,Giveon,31,2021,Not Popular,audio_files/Heartbreak Anniversary.mp3
331,For The Night,Pop Smoke Featuring Lil Baby & DaBaby,32,2021,Not Popular,audio_files/For The Night.mp3
332,Calling My Phone,Lil Tjay Featuring 6LACK,33,2021,Not Popular,audio_files/Calling My Phone.mp3
333,Beautiful Mistakes,Maroon 5 Featuring Megan Thee Stallion,34,2021,Not Popular,audio_files/Beautiful Mistakes.mp3
334,Holy,Justin Bieber Featuring Chance The Rapper,35,2021,Not Popular,audio_files/Holy.mp3
335,On Me,Lil Baby,36,2021,Not Popular,audio_files/On Me.mp3
336,You Broke Me First.,Tate McRae,37,2021,Not Popular,audio_files/You Broke Me First..mp3
337,Traitor,Olivia Rodrigo,38,2021,Not Popular,audio_files/Traitor.mp3
338,Back In Blood,Pooh Shiesty Featuring Lil Durk,39,2021,Not Popular,audio_files/Back In Blood.mp3
339,I Hope,Gabby Barrett Featuring Charlie Puth,40,2021,Not Popular,audio_files/I Hope.mp3
340,Dynamite,BTS,41,2021,Not Popular,audio_files/Dynamite.mp3
341,Wockesha,Moneybagg Yo,42,2021,Not Popular,audio_files/Wockesha.mp3
342,You Right,Doja Cat & The Weeknd,43,2021,Popular,audio_files/You Right.mp3
343,Beat Box,SpotemGottem Featuring Pooh Shiesty Or DaBaby,44,2021,Not Popular,audio_files/Beat Box.mp3
344,Laugh Now Cry Later,Drake Featuring Lil Durk,45,2021,Not Popular,audio_files/Laugh Now Cry Later.mp3
345,Need To Know,Doja Cat,46,2021,Popular,audio_files/Need To Know.mp3
346,Wants And Needs,Drake Featuring Lil Baby,47,2021,Not Popular,audio_files/Wants And Needs.mp3
347,Way 2 Sexy,Drake Featuring Future & Young Thug,48,2021,Not Popular,audio_files/Way 2 Sexy.mp3
348,Telepatia,Kali Uchis,49,2021,Not Popular,audio_files/Telepatia.mp3
349,Whoopty,CJ,50,2021,Not Popular,audio_files/Whoopty.mp3
350,Lemonade,Internet Money & Gunna Featuring Don Toliver & NAV,51,2021,Not Popular,audio_files/Lemonade.mp3
351,Good Days,SZA,52,2021,Not Popular,audio_files/Good Days.mp3
352,Starting Over,Chris Stapleton,53,2021,Not Popular,audio_files/Starting Over.mp3
353,Body,Megan Thee Stallion,54,2021,Not Popular,audio_files/Body.mp3
354,Willow,Taylor Swift,55,2021,Not Popular,audio_files/Willow.mp3
355,Bang!,AJR,56,2021,Not Popular,audio_files/Bang!.mp3
356,Better Together,Luke Combs,57,2021,Not Popular,audio_files/Better Together.mp3
357,You're Mines Still,Yung Bleu Featuring Drake,58,2021,Not Popular,audio_files/You're Mines Still.mp3
358,Every Chance I Get,DJ Khaled Featuring Lil Baby & Lil Durk,59,2021,Not Popular,audio_files/Every Chance I Get.mp3
359,Essence,Wizkid Featuring Justin Bieber & Tems,60,2021,Popular,audio_files/Essence.mp3
360,Chasing After You,Ryan Hurd With Maren Morris,61,2021,Not Popular,audio_files/Chasing After You.mp3
361,The Good Ones,Gabby Barrett,62,2021,Not Popular,audio_files/The Good Ones.mp3
362,Leave Before You Love Me,Marshmello X Jonas Brothers,63,2021,Not Popular,audio_files/Leave Before You Love Me.mp3
363,Glad You Exist,Dan + Shay,64,2021,Not Popular,audio_files/Glad You Exist.mp3
364,Lonely,Justin Bieber & benny blanco,65,2021,Not Popular,audio_files/Lonely.mp3
365,Beggin',Maneskin,66,2021,Not Popular,audio_files/Beggin'.mp3
366,Streets,Doja Cat,67,2021,Not Popular,audio_files/Streets.mp3
367,What's Next,Drake,68,2021,Not Popular,audio_files/What's Next.mp3
368,Famous Friends,Chris Young + Kane Brown,69,2021,Not Popular,audio_files/Famous Friends.mp3
369,Lil Bit,Nelly & Florida Georgia Line,70,2021,Not Popular,audio_files/Lil Bit.mp3
370,Thot Shit,Megan Thee Stallion,71,2021,Not Popular,audio_files/Thot Shit.mp3
371,Late At Night,Roddy Ricch,72,2021,Not Popular,audio_files/Late At Night.mp3
372,Kings & Queens,Ava Max,73,2021,Not Popular,audio_files/Kings & Queens.mp3
373,Anyone,Justin Bieber,74,2021,Not Popular,audio_files/Anyone.mp3
374,Track Star,Mooski,75,2021,Not Popular,audio_files/Track Star.mp3
375,Time Today,Moneybagg Yo,76,2021,Not Popular,audio_files/Time Today.mp3
376,Cry Baby,Megan Thee Stallion Featuring DaBaby,77,2021,Not Popular,audio_files/Cry Baby.mp3
377,All I Want For Christmas Is You,Mariah Carey,78,2021,Popular,audio_files/All I Want For Christmas Is You.mp3
378,No More Parties,Coi Leray Featuring Lil Durk,79,2021,Not Popular,audio_files/No More Parties.mp3
379,What's Your Country Song,Thomas Rhett,80,2021,Not Popular,audio_files/What's Your Country Song.mp3
380,One Too Many,Keith Urban Duet With P!nk,81,2021,Not Popular,audio_files/One Too Many.mp3
381,Arcade,Duncan Laurence,82,2021,Not Popular,audio_files/Arcade.mp3
382,Yonaguni,Bad Bunny,83,2021,Not Popular,audio_files/Yonaguni.mp3
383,Good Time,Niko Moon,84,2021,Not Popular,audio_files/Good Time.mp3
384,If I Didn't Love You,Jason Aldean & Carrie Underwood,85,2021,Not Popular,audio_files/If I Didn't Love You.mp3
385,Knife Talk,Drake Featuring 21 Savage & Project Pat,86,2021,Popular,audio_files/Knife Talk.mp3
386,pov,Ariana Grande,87,2021,Not Popular,audio_files/pov.mp3
387,Just The Way,Parmalee x Blanco Brown,88,2021,Not Popular,audio_files/Just The Way.mp3
388,Take My Breath,The Weeknd,89,2021,Not Popular,audio_files/Take My Breath.mp3
389,We're Good,Dua Lipa,90,2021,Not Popular,audio_files/We're Good.mp3
390,Hell Of A View,Eric Church,91,2021,Not Popular,audio_files/Hell Of A View.mp3
391,Rockin' Around The Christmas Tree,Brenda Lee,92,2021,Popular,audio_files/Rockin' Around The Christmas Tree.mp3
392,Put Your Records On,Ritt Momney,93,2021,Not Popular,audio_files/Put Your Records On.mp3
393,Happier Than Ever,Billie Eilish,94,2021,Not Popular,audio_files/Happier Than Ever.mp3
394,Single Saturday Night,Cole Swindell,95,2021,Not Popular,audio_files/Single Saturday Night.mp3
395,Things A Man Oughta Know,Lainey Wilson,96,2021,Not Popular,audio_files/Things A Man Oughta Know.mp3
396,Throat Baby (Go Baby),BRS Kash,97,2021,Not Popular,audio_files/Throat Baby (Go Baby).mp3
397,Tombstone,Rod Wave,98,2021,Not Popular,audio_files/Tombstone.mp3
398,Drinkin' Beer. Talkin' God. Amen.,Chase Rice Featuring Florida Georgia Line,99,2021,Not Popular,audio_files/Drinkin' Beer. Talkin' God. Amen..mp3
399,Todo de Ti,Rauw Alejandro,100,2021,Not Popular,audio_files/Todo de Ti.mp3
400,Heat Waves,Glass Animals,1,2022,Popular,audio_files/Heat Waves.mp3
401,As It Was,Harry Styles,2,2022,Not Popular,audio_files/As It Was.mp3
402,Stay,The Kid LAROI & Justin Bieber,3,2022,Popular,audio_files/Stay.mp3
403,Easy On Me,Adele,4,2022,Not Popular,audio_files/Easy On Me.mp3
404,Shivers,Ed Sheeran,5,2022,Not Popular,audio_files/Shivers.mp3
405,First Class,Jack Harlow,6,2022,Not Popular,audio_files/First Class.mp3
406,Big Energy,Latto,7,2022,Not Popular,audio_files/Big Energy.mp3
407,Ghost,Justin Bieber,8,2022,Not Popular,audio_files/Ghost.mp3
408,Super Gremlin,Kodak Black,9,2022,Not Popular,audio_files/Super Gremlin.mp3
409,Cold Heart (PNAU Remix),Elton John & Dua Lipa,10,2022,Not Popular,audio_files/Cold Heart (PNAU Remix).mp3
410,Wait For U,Future Featuring Drake & Tems,11,2022,Not Popular,audio_files/Wait For U.mp3
411,About Damn Time,Lizzo,12,2022,Not Popular,audio_files/About Damn Time.mp3
412,Bad Habits,Ed Sheeran,13,2022,Popular,audio_files/Bad Habits.mp3
413,Thats What I Want,Lil Nas X,14,2022,Not Popular,audio_files/Thats What I Want.mp3
414,Enemy,Imagine Dragons X JID,15,2022,Not Popular,audio_files/Enemy.mp3
415,Industry Baby,Lil Nas X & Jack Harlow,16,2022,Popular,audio_files/Industry Baby.mp3
416,abcdefu,GAYLE,17,2022,Not Popular,audio_files/abcdefu.mp3
417,Need To Know,Doja Cat,18,2022,Popular,audio_files/Need To Know.mp3
418,Wasted On You,Morgan Wallen,19,2022,Not Popular,audio_files/Wasted On You.mp3
419,Me Porto Bonito,Bad Bunny & Chencho Corleone,20,2022,Not Popular,audio_files/Me Porto Bonito.mp3
420,Woman,Doja Cat,21,2022,Not Popular,audio_files/Woman.mp3
421,Titi Me Pregunto,Bad Bunny,22,2022,Not Popular,audio_files/Titi Me Pregunto.mp3
422,Running Up That Hill (A Deal With God),Kate Bush,23,2022,Not Popular,audio_files/Running Up That Hill (A Deal With God).mp3
423,We Don't Talk About Bruno,"Carolina Gaitan, Mauro Castillo, Adassa, Rhenzy Feliz, Diane Guerrero, Stephanie Beatriz & Encanto Cast",24,2022,Not Popular,audio_files/We Don't Talk About Bruno.mp3
424,Late Night Talking,Harry Styles,25,2022,Not Popular,audio_files/Late Night Talking.mp3
425,I Like You (A Happier Song),Post Malone Featuring Doja Cat,26,2022,Not Popular,audio_files/I Like You (A Happier Song).mp3
426,You Proof,Morgan Wallen,27,2022,Not Popular,audio_files/You Proof.mp3
427,Bad Habit,Steve Lacy,28,2022,Not Popular,audio_files/Bad Habit.mp3
428,Sunroof,Nicky Youre & dazy,29,2022,Not Popular,audio_files/Sunroof.mp3
429,One Right Now,Post Malone & The Weeknd,30,2022,Not Popular,audio_files/One Right Now.mp3
430,Good 4 U,Olivia Rodrigo,31,2022,Popular,audio_files/Good 4 U.mp3
431,Numb Little Bug,Em Beihold,32,2022,Not Popular,audio_files/Numb Little Bug.mp3
432,Jimmy Cooks,Drake Featuring 21 Savage,33,2022,Not Popular,audio_files/Jimmy Cooks.mp3
433,'Til You Can't,Cody Johnson,34,2022,Not Popular,audio_files/'Til You Can't.mp3
434,Fancy Like,Walker Hayes,35,2022,Popular,audio_files/Fancy Like.mp3
435,The Kind Of Love We Make,Luke Combs,36,2022,Not Popular,audio_files/The Kind Of Love We Make.mp3
436,I Ain't Worried,OneRepublic,37,2022,Not Popular,audio_files/I Ain't Worried.mp3
437,Break My Soul,Beyonce,38,2022,Not Popular,audio_files/Break My Soul.mp3
438,Something In The Orange,Zach Bryan,39,2022,Not Popular,audio_files/Something In The Orange.mp3
439,Save Your Tears,The Weeknd & Ariana Grande,40,2022,Popular,audio_files/Save Your Tears.mp3
440,Smokin Out The Window,Silk Sonic (Bruno Mars & Anderson .Paak),41,2022,Not Popular,audio_files/Smokin Out The Window.mp3
441,Levitating,Dua Lipa,42,2022,Popular,audio_files/Levitating.mp3
442,In A Minute,Lil Baby,43,2022,Not Popular,audio_files/In A Minute.mp3
443,Moscow Mule,Bad Bunny,44,2022,Not Popular,audio_files/Moscow Mule.mp3
444,You Right,Doja Cat & The Weeknd,45,2022,Popular,audio_files/You Right.mp3
445,She Had Me At Heads Carolina,Cole Swindell,46,2022,Not Popular,audio_files/She Had Me At Heads Carolina.mp3
446,Vegas,Doja Cat,47,2022,Not Popular,audio_files/Vegas.mp3
447,Pushin P,Gunna & Future Featuring Young Thug,48,2022,Not Popular,audio_files/Pushin P.mp3
448,Buy Dirt,Jordan Davis Featuring Luke Bryan,49,2022,Not Popular,audio_files/Buy Dirt.mp3
449,I Hate U,SZA,50,2022,Not Popular,audio_files/I Hate U.mp3
450,Boyfriend,Dove Cameron,51,2022,Popular,audio_files/Boyfriend.mp3
451,Glimpse Of Us,Joji,52,2022,Not Popular,audio_files/Glimpse Of Us.mp3
452,Surface Pressure,Jessica Darrow,53,2022,Not Popular,audio_files/Surface Pressure.mp3
453,Fall In Love,Bailey Zimmerman,54,2022,Not Popular,audio_files/Fall In Love.mp3
454,Love Nwantiti (Ah Ah Ah),CKay,55,2022,Not Popular,audio_files/Love Nwantiti (Ah Ah Ah).mp3
455,Super Freaky Girl,Nicki Minaj,56,2022,Not Popular,audio_files/Super Freaky Girl.mp3
456,Hrs And Hrs,Muni Long,57,2022,Not Popular,audio_files/Hrs And Hrs.mp3
457,Sand In My Boots,Morgan Wallen,58,2022,Not Popular,audio_files/Sand In My Boots.mp3
458,MAMIII,Becky G X Karol G,59,2022,Not Popular,audio_files/MAMIII.mp3
459,Knife Talk,Drake Featuring 21 Savage & Project Pat,60,2022,Popular,audio_files/Knife Talk.mp3
460,AA,Walker Hayes,61,2022,Not Popular,audio_files/AA.mp3
461,Sweetest Pie,Megan Thee Stallion & Dua Lipa,62,2022,Not Popular,audio_files/Sweetest Pie.mp3
462,Provenza,Karol G,63,2022,Not Popular,audio_files/Provenza.mp3
463,Essence,Wizkid Featuring Justin Bieber & Tems,64,2022,Popular,audio_files/Essence.mp3
464,All I Want For Christmas Is You,Mariah Carey,65,2022,Popular,audio_files/All I Want For Christmas Is You.mp3
465,Bam Bam,Camila Cabello Featuring Ed Sheeran,66,2022,Not Popular,audio_files/Bam Bam.mp3
466,5 Foot 9,Tyler Hubbard,67,2022,Not Popular,audio_files/5 Foot 9.mp3
467,Get Into It (Yuh),Doja Cat,68,2022,Not Popular,audio_files/Get Into It (Yuh).mp3
468,Efecto,Bad Bunny,69,2022,Not Popular,audio_files/Efecto.mp3
469,Rock And A Hard Place,Bailey Zimmerman,70,2022,Not Popular,audio_files/Rock And A Hard Place.mp3
470,Doin' This,Luke Combs,71,2022,Not Popular,audio_files/Doin' This.mp3
471,Oh My God,Adele,72,2022,Not Popular,audio_files/Oh My God.mp3
472,Better Days,NEIKED X Mae Muller X Polo G,73,2022,Not Popular,audio_files/Better Days.mp3
473,Meet Me At Our Spot,THE ANXIETY: WILLOW & Tyler Cole,74,2022,Not Popular,audio_files/Meet Me At Our Spot.mp3
474,Fingers Crossed,Lauren Spencer-Smith,75,2022,Not Popular,audio_files/Fingers Crossed.mp3
475,All Too Well (Taylor's Version),Taylor Swift,76,2022,Not Popular,audio_files/All Too Well (Taylor's Version).mp3
476,Party,Bad Bunny & Rauw Alejandro,77,2022,Not Popular,audio_files/Party.mp3
477,Despues de La Playa,Bad Bunny,78,2022,Not Popular,audio_files/Despues de La Playa.mp3
478,You Should Probably Leave,Chris Stapleton,79,2022,Not Popular,audio_files/You Should Probably Leave.mp3
479,Rockin' Around The Christmas Tree,Brenda Lee,80,2022,Popular,audio_files/Rockin' Around The Christmas Tree.mp3
480,Broadway Girls,Lil Durk Featuring Morgan Wallen,81,2022,Not Popular,audio_files/Broadway Girls.mp3
481,Take My Name,Parmalee,82,2022,Not Popular,audio_files/Take My Name.mp3
482,What Happened To Virgil,Lil Durk Featuring Gunna,83,2022,Not Popular,audio_files/What Happened To Virgil.mp3
483,Puffin On Zootiez,Future,84,2022,Not Popular,audio_files/Puffin On Zootiez.mp3
484,Like I Love Country Music,Kane Brown,85,2022,Not Popular,audio_files/Like I Love Country Music.mp3
485,Jingle Bell Rock,Bobby Helms,86,2022,Not Popular,audio_files/Jingle Bell Rock.mp3
486,Ojitos Lindos,Bad Bunny & Bomba Estereo,87,2022,Not Popular,audio_files/Ojitos Lindos.mp3
487,Trouble With A Heartbreak,Jason Aldean,88,2022,Not Popular,audio_files/Trouble With A Heartbreak.mp3
488,A Holly Jolly Christmas,Burl Ives,89,2022,Not Popular,audio_files/A Holly Jolly Christmas.mp3
489,Kiss Me More,Doja Cat Featuring SZA,90,2022,Popular,audio_files/Kiss Me More.mp3
490,She Likes It,Russell Dickerson & Jake Scott,91,2022,Not Popular,audio_files/She Likes It.mp3
491,Never Say Never,Cole Swindell / Lainey Wilson,92,2022,Not Popular,audio_files/Never Say Never.mp3
492,Damn Strait,Scotty McCreery,93,2022,Not Popular,audio_files/Damn Strait.mp3
493,She's All I Wanna Be,Tate McRae,94,2022,Not Popular,audio_files/She's All I Wanna Be.mp3
494,Last Night Lonely,Jon Pardi,95,2022,Not Popular,audio_files/Last Night Lonely.mp3
495,Flower Shops,ERNEST Featuring Morgan Wallen,96,2022,Not Popular,audio_files/Flower Shops.mp3
496,To The Moon!,JNR CHOI & Sam Tompkins,97,2022,Not Popular,audio_files/To The Moon!.mp3
497,Unholy,Sam Smith & Kim Petras,98,2022,Not Popular,audio_files/Unholy.mp3
498,One Mississippi,Kane Brown,99,2022,Not Popular,audio_files/One Mississippi.mp3
499,Circles Around This Town,Maren Morris,100,2022,Not Popular,audio_files/Circles Around This Town.mp3
